1,Novak Djokovic,1,188,right,1.jpg
2,Roger Federer,2,185,right,2.jpg
3,Rafael Nadal,3,185,left,3.jpg
4,Stanislas Wawrinka,2,183,right,4.jpg
5,Kei Nishikori,4,178,right,5.jpg
6,Andy Murray,5,190,right,6.jpg
7,Tomas Berdych,6,196,right,7.jpg
8,Milos Raonic,7,196,right,8.jpg
9,Marin Cilic,8,198,right,9.jpg
10,David Ferrer,3,175,right,10.jpg
11,Grigor Dimitrov,9,188,right,11.jpg
12,Jo-Wilfried Tsonga,10,188,right,12.jpg
13,Ernests Culbis,11,190,right,13.jpg
14,Feliciano Lopez,3,188,left,14.jpg
15,Roberto Bautista Agut,3,183,right,15.jpg
16,Kevin Anderson,12,203,right,16.jpg
17,Tommy Robredo,3,180,right,17.jpg
18,Gael Monfils,10,190,right,18.jpg
19,John Isner,13,205,right,19.jpg
20,Fabio Fognini,14,178,right,20.jpg
21,Gilles Simon,10,182,right,21.jpg
22,David Goffin,15,180,right,22.jpg
23,Alexandr Dolgopolov,16,180,right,23.jpg
24,Philipp Kohlschreiber,17,177,right,24.jpg
25,Nick Kyrgois,18,190,right,25.jpg
26,Nicolas Almagro,3,183,riight,26.jpg
27,Jeremy Chardy,10,188,right,27.jpg
28,Tommy Haas,13,188,right,28.jpg
29,Juan Martin Del Potro,19,196,right,29.jpg
30,Lukasz Kubot,20,190,right,30.jpg
31,Janowicz Jerzy,20,203,right,31.jpg
32,Verdasco Fernando,3,188,left,32.jpg
33,Mikhail Youzhny,21,183,right,33.jpg
